{
  "vite.config.js": 1775643031.7560358,
  "eslint.config.js": 1775551867.2256463,
  "src/main.jsx": 1776373897.2225752,
  "src/context/TransitionContext.jsx": 1776375091.4897327,
  "src/components/MainNav.jsx": 1776370438.089901,
  "src/components/Footer.jsx": 1776462638.9465191,
  "src/components/TransitionLink.jsx": 1776364776.3748565,
  "src/components/ui/Button.jsx": 1776425981.043394,
  "src/components/ui/Card.jsx": 1776238827.4192765,
  "src/components/ui/Label.jsx": 1776238830.4075084,
  "src/components/ui/TileCard.jsx": 1776238843.1956172,
  "src/components/ui/PageHeader.jsx": 1776238837.3216033,
  "src/pages/BeratungStart.jsx": 1776370448.0631447,
  "src/pages/Beratung.jsx": 1776465014.445238,
  "src/pages/Home.jsx": 1776462636.092857,
  "index.html": 1776439257.06929,
  "README.md": 1775551867.2249894,
  "CLAUDE.md": 1776636790.3712919,
  "public/code_1.svg": 1775655483.0,
  "public/Movento.png": 1775827827.0,
  "public/icons_website_dummy_wetter.svg": 1775552185.5120566,
  "public/code_2.svg": 1775655604.0,
  "public/wetter_back_2.jpg": 1775575613.0,
  "public/code_3.svg": 1775728117.131052,
  "public/Leitbild_Flufenacet_Verbot.jpg": 1775634006.738083,
  "public/selmayer_portrait.png": 1772026286.0,
  "public/image_beratung.jpg": 1775572677.0,
  "public/Premeo_2023.jpg": 1775634043.324294,
  "public/key_header_01.jpg": 1775826788.0,
  "public/icons_bonus.svg": 1775820008.0,
  "public/key_header_02.jpg": 1775827016.0,
  "public/premeo_bonuspunkte.svg": 1775573048.916217,
  "public/Berater4.png": 1775829811.0,
  "public/premeo_back_1.jpg": 1775573421.0,
  "public/Prosaro.png": 1775827827.0,
  "public/premeo_back_2.jpg": 1775573433.0,
  "public/Husar_Plus.png": 1770291648.0,
  "public/Maiszuechtung-maisspitzen.jpg": 1775580904.562497,
  "public/Berater2.png": 1775829940.0,
  "public/Berater3.png": 1775829902.0,
  "public/Berater1.png": 1775829954.0,
  "public/icons_website_dummy_magazin.svg": 1775552185.5079908,
  "public/Podcast_1.jpg": 1775634025.197607,
  "public/Corp-Logo_BG_Bayer-Cross_Basic_on-screen_RGB.svg": 1775552185.5041146,
  "public/Adengo.png": 1775827827.0,
  "public/Podcast_2.jpg": 1775634023.177156,
  "public/icons_website_dummy_video.svg": 1775552185.5101025,
  "public/demo_header.jpg": 1775565627.209952,
  "public/productimage.image.png": 1775552185.5140383,
  "public/BCS_Kartoffelbestand_1600x805.jpg": 1775634038.341578,
  "public/icons.svg": 1775551867.2270288,
  "public/Mais.jpg": 1775580908.036869,
  "public/Leitbild_ReSoil.jpg": 1775634009.019468,
  "public/favicon.svg": 1776438247.2584968,
  "src/assets/hero.png": 1775551867.2285037,
  "src/assets/vite.svg": 1775551867.2293782,
  "src/assets/react.svg": 1775551867.2289052
}